constraint_id,maximum,constraint_type,minimum,generic_land_use_type_id,plan_type_id
1,35,units_per_acre,0,1,226
2,35,units_per_acre,0,1,239
3,35,units_per_acre,0,1,243
4,34,units_per_acre,0,1,245
5,34,units_per_acre,0,1,246
6,35,units_per_acre,0,1,247
7,35,units_per_acre,0,1,248
8,34.848,units_per_acre,0,1,249
9,30,units_per_acre,0,1,251
10,35,units_per_acre,0,1,253
11,32,units_per_acre,0,1,254
12,35,units_per_acre,0,1,255
13,35,units_per_acre,0,1,256
14,34.848,units_per_acre,1,1,257
15,35,units_per_acre,0,1,258
16,30,units_per_acre,0,1,259
17,30,units_per_acre,0,1,260
18,30,units_per_acre,0,1,261
20,30,units_per_acre,0,1,263
21,30,units_per_acre,12,1,264
22,30,units_per_acre,0,1,265
23,30,units_per_acre,0,1,266
24,30,units_per_acre,0,1,267
26,30,units_per_acre,0,1,269
27,30,units_per_acre,0,1,270
28,30,units_per_acre,10,1,271
29,26,units_per_acre,0,1,272
30,30,units_per_acre,0,1,273
31,30,units_per_acre,10,1,274
32,30,units_per_acre,10,1,275
33,30,units_per_acre,0,1,276
34,30,units_per_acre,0,1,277
35,30,units_per_acre,0,1,278
36,29,units_per_acre,0,1,279
37,30,units_per_acre,0,1,280
38,30,units_per_acre,0,1,281
39,30,units_per_acre,0,1,282
40,30,units_per_acre,0,1,283
41,26,units_per_acre,1,1,284
42,30,units_per_acre,0,1,285
43,30,units_per_acre,19,1,286
44,29.04,units_per_acre,0,1,288
45,26,units_per_acre,1,1,289
46,26.136,units_per_acre,0,1,290
47,26.136,units_per_acre,0,1,291
48,29.1,units_per_acre,0,1,292
49,29.04,units_per_acre,0,1,293
50,29,units_per_acre,0,1,294
51,25,units_per_acre,8,1,295
53,29,units_per_acre,0,1,297
54,25,units_per_acre,12,1,298
55,26.62,units_per_acre,0,1,299
56,24,units_per_acre,0,1,300
57,25,units_per_acre,0,1,301
58,25,units_per_acre,8,1,302
59,24.503,units_per_acre,0,1,303
60,24,units_per_acre,0,1,304
61,25,units_per_acre,0,1,305
62,27,units_per_acre,0,1,306
63,27,units_per_acre,13.5,1,307
64,25,units_per_acre,10,1,308
65,21.78,units_per_acre,0,1,309
66,24,units_per_acre,0,1,310
67,24,units_per_acre,0,1,311
68,24,units_per_acre,0,1,312
69,25,units_per_acre,8,1,313
70,25,units_per_acre,0,1,314
71,24,units_per_acre,0,1,315
72,24,units_per_acre,18,1,316
73,24,units_per_acre,0,1,317
75,26,units_per_acre,0,1,319
76,22,units_per_acre,0,1,320
77,24,units_per_acre,0,1,321
78,24,units_per_acre,0,1,322
79,25.624,units_per_acre,0,1,323
80,23.1,units_per_acre,0,1,324
81,24,units_per_acre,7,1,325
82,24,units_per_acre,0,1,326
83,22,units_per_acre,0,1,327
84,24.2,units_per_acre,0,1,328
85,24,units_per_acre,0,1,329
86,25,units_per_acre,6,1,330
87,25,units_per_acre,0,1,331
88,25,units_per_acre,4,1,332
89,25,units_per_acre,0,1,333
90,25,units_per_acre,8,1,334
91,25,units_per_acre,6,1,335
92,25,units_per_acre,12,1,336
93,25,units_per_acre,8,1,337
94,25,units_per_acre,8,1,338
95,21.78,units_per_acre,0,1,339
96,24,units_per_acre,0,1,340
97,22,units_per_acre,10,1,341
98,24.5,units_per_acre,0,1,342
99,24,units_per_acre,0,1,343
100,24.2,units_per_acre,0,1,344
101,24,units_per_acre,0,1,345
102,24,units_per_acre,13,1,346
103,20,units_per_acre,8,1,347
104,24,units_per_acre,0,1,348
105,20,units_per_acre,12,1,349
106,21.78,units_per_acre,0,1,350
107,21.8,units_per_acre,0,1,351
108,21.78,units_per_acre,0,1,352
109,22,units_per_acre,0,1,353
110,21.78,units_per_acre,0,1,355
111,23,units_per_acre,0,1,356
112,20,units_per_acre,8,1,357
113,22.5,units_per_acre,0,1,358
114,20,units_per_acre,0,1,359
115,22,units_per_acre,0,1,360
116,20,units_per_acre,0,1,361
117,19.602,units_per_acre,0,1,362
118,21.78,units_per_acre,0,1,363
119,20,units_per_acre,0,1,364
120,20,units_per_acre,0,1,365
121,20,units_per_acre,0,1,366
122,20,units_per_acre,0,1,367
123,20,units_per_acre,0,1,368
124,19.965,units_per_acre,0,1,369
125,20,units_per_acre,0,1,370
126,18,units_per_acre,0,1,371
127,20,units_per_acre,0,1,372
128,18,units_per_acre,0,1,373
129,20,units_per_acre,0,1,374
130,19.602,units_per_acre,0,1,375
131,20,units_per_acre,0,1,376
132,19,units_per_acre,0,1,377
134,18,units_per_acre,0,1,379
135,18,units_per_acre,0,1,380
136,20,units_per_acre,0,1,381
137,20,units_per_acre,15,1,383
138,20,units_per_acre,5,1,384
139,20,units_per_acre,0,1,385
140,16,units_per_acre,0,1,386
141,20,units_per_acre,0,1,387
142,20,units_per_acre,10,1,388
143,20,units_per_acre,8,1,389
144,18,units_per_acre,8,1,390
145,18,units_per_acre,0,1,391
146,17.424,units_per_acre,0,1,392
147,15,units_per_acre,4,1,393
148,16,units_per_acre,0,1,394
149,12,units_per_acre,0,1,395
150,15.557,units_per_acre,0,1,396
151,15.557,units_per_acre,0,1,397
153,14.5,units_per_acre,0,1,399
155,18,units_per_acre,0,1,401
156,18,units_per_acre,0,1,402
157,18.5,units_per_acre,0,1,403
158,18,units_per_acre,0,1,404
159,18.188,units_per_acre,0,1,405
160,18.15,units_per_acre,0,1,406
161,16,units_per_acre,4,1,407
162,18,units_per_acre,9.6,1,408
163,16,units_per_acre,8,1,409
164,18,units_per_acre,10,1,410
165,18,units_per_acre,0,1,411
166,18,units_per_acre,0,1,412
167,18,units_per_acre,0,1,413
168,16.33,units_per_acre,0,1,414
169,14.52,units_per_acre,0,1,415
170,17.4,units_per_acre,0,1,416
171,14,units_per_acre,0,1,417
172,14.52,units_per_acre,0,1,418
173,14.5,units_per_acre,0,1,419
175,13,units_per_acre,0,1,421
176,15,units_per_acre,0,1,422
177,14.52,units_per_acre,0,1,423
178,16.754,units_per_acre,0,1,424
179,14.52,units_per_acre,0,1,425
180,15,units_per_acre,0,1,426
181,12,units_per_acre,0,1,427
182,16,units_per_acre,0,1,428
183,16,units_per_acre,6,1,429
184,16,units_per_acre,5,1,430
185,13,units_per_acre,0,1,431
186,14.5,units_per_acre,0,1,432
187,15,units_per_acre,0,1,433
188,14.52,units_per_acre,0,1,435
189,15,units_per_acre,0,1,436
190,12,units_per_acre,0,1,437
191,15,units_per_acre,0,1,438
192,15,units_per_acre,0,1,440
193,15,units_per_acre,0,1,441
194,15,units_per_acre,4,1,442
196,14.6,units_per_acre,0,1,444
197,12,units_per_acre,0,1,445
198,12,units_per_acre,0,1,446
199,12,units_per_acre,0,1,447
200,14.55,units_per_acre,0,1,448
201,14.52,units_per_acre,0,1,449
202,14.52,units_per_acre,0,1,450
203,13.31,units_per_acre,0,1,451
204,12,units_per_acre,0,1,452
205,13,units_per_acre,0,1,453
206,12,units_per_acre,0,1,454
207,12,units_per_acre,8,1,455
208,13,units_per_acre,0,1,456
209,12,units_per_acre,0,1,457
210,12,units_per_acre,6,1,458
211,14,units_per_acre,0,1,459
212,12,units_per_acre,0,1,460
213,12,units_per_acre,0,1,461
214,12.453,units_per_acre,0,1,462
215,10.89,units_per_acre,0,1,463
216,10,units_per_acre,0,1,464
217,12,units_per_acre,0,1,465
218,12.1,units_per_acre,0,1,466
219,12,units_per_acre,6,1,467
220,12,units_per_acre,0,1,468
221,12,units_per_acre,0,1,469
222,13.403,units_per_acre,0,1,470
223,13.068,units_per_acre,1,1,471
224,12.1,units_per_acre,0,1,472
225,12.1,units_per_acre,0,1,473
226,12.1,units_per_acre,0,1,474
227,13.29,units_per_acre,0,1,475
228,10.89,units_per_acre,0,1,476
229,12.1,units_per_acre,0,1,477
230,12.1,units_per_acre,0,1,478
231,13.003,units_per_acre,0,1,479
232,12,units_per_acre,0,1,480
233,12,units_per_acre,0,1,481
235,12,units_per_acre,0,1,483
236,12,units_per_acre,0,1,484
237,12,units_per_acre,0,1,485
238,12.1,units_per_acre,0,1,486
239,12.1,units_per_acre,0,1,487
240,12.5,units_per_acre,0,1,488
241,12,units_per_acre,0,1,489
242,12,units_per_acre,0,1,490
243,12,units_per_acre,0,1,491
244,12.1,units_per_acre,0,1,493
245,12,units_per_acre,5,1,494
246,12,units_per_acre,0,1,495
247,11,units_per_acre,0,1,496
248,12,units_per_acre,0,1,497
249,12,units_per_acre,8,1,498
250,12,units_per_acre,0,1,499
251,12,units_per_acre,6,1,500
252,8,units_per_acre,0,1,501
253,9.902,units_per_acre,0,1,502
254,8.067,units_per_acre,0,1,503
255,9,units_per_acre,0,1,504
256,10.89,units_per_acre,0,1,505
257,10.89,units_per_acre,0,1,506
258,10,units_per_acre,0,1,507
259,8,units_per_acre,0,1,508
260,8,units_per_acre,0,1,509
261,10,units_per_acre,0,1,510
262,7.3,units_per_acre,0,1,512
263,10.25,units_per_acre,0,1,513
264,8.7,units_per_acre,0,1,514
265,10.13,units_per_acre,0,1,515
266,10,units_per_acre,8,1,516
267,10,units_per_acre,0,1,517
268,10,units_per_acre,5,1,518
270,10,units_per_acre,0,1,520
271,10,units_per_acre,0,1,521
272,10,units_per_acre,8,1,522
273,8.7,units_per_acre,0,1,523
274,9.68,units_per_acre,0,1,524
275,9.68,units_per_acre,0,1,525
277,8,units_per_acre,0,1,527
278,7,units_per_acre,0,1,528
279,8.712,units_per_acre,0,1,529
280,7.3,units_per_acre,0,1,530
281,7.3,units_per_acre,0,1,531
282,9.27,units_per_acre,0,1,532
283,8.067,units_per_acre,0,1,533
284,8.712,units_per_acre,0,1,534
285,8.712,units_per_acre,0,1,535
287,9,units_per_acre,0,1,537
288,9,units_per_acre,0,1,538
289,9,units_per_acre,5,1,539
290,6,units_per_acre,0,1,540
291,9,units_per_acre,0,1,541
292,8.712,units_per_acre,0,1,542
293,8.712,units_per_acre,0,1,543
294,8.71,units_per_acre,0,1,544
295,8.7,units_per_acre,0,1,546
296,8.7,units_per_acre,0,1,547
297,4.4,units_per_acre,0,1,548
298,7.3,units_per_acre,0,1,549
299,6,units_per_acre,0,1,550
300,8.067,units_per_acre,8.067,1,551
301,8.067,units_per_acre,0,1,552
303,8,units_per_acre,0,1,554
304,8,units_per_acre,0,1,555
305,8,units_per_acre,6,1,556
306,8,units_per_acre,0,1,557
307,6,units_per_acre,0,1,558
308,6.05,units_per_acre,0,1,559
309,6.05,units_per_acre,0,1,560
310,6,units_per_acre,0,1,561
311,4.55,units_per_acre,0,1,562
312,7.3,units_per_acre,0,1,563
313,7.275,units_per_acre,0,1,564
314,7.26,units_per_acre,0,1,565
315,7.26,units_per_acre,0,1,566
316,7.2,units_per_acre,0,1,567
317,7,units_per_acre,0,1,568
318,7,units_per_acre,5,1,569
319,6.91,units_per_acre,0,1,570
320,5.125,units_per_acre,0,1,571
321,6.702,units_per_acre,0,1,572
322,6.05,units_per_acre,0,1,573
323,6.453,units_per_acre,0,1,574
324,4,units_per_acre,0,1,575
325,6.4,units_per_acre,0,1,576
326,6,units_per_acre,0,1,577
327,6.22,units_per_acre,0,1,578
328,4,units_per_acre,0,1,579
329,6.05,units_per_acre,0,1,580
330,6.05,units_per_acre,0,1,581
331,6,units_per_acre,4,1,582
332,6,units_per_acre,0,1,583
333,5,units_per_acre,0,1,584
334,6,units_per_acre,1,1,585
335,5,units_per_acre,0,1,587
336,6,units_per_acre,0,1,589
337,6,units_per_acre,0,1,590
339,4,units_per_acre,0,1,592
340,5.808,units_per_acre,0,1,593
341,4,units_per_acre,0,1,594
342,5.8,units_per_acre,0,1,595
343,4,units_per_acre,0,1,596
344,5.186,units_per_acre,0,1,597
345,5.672,units_per_acre,0,1,598
346,5.5,units_per_acre,0,1,599
347,5.5,units_per_acre,0,1,600
348,4,units_per_acre,0,1,601
349,5.45,units_per_acre,0,1,602
350,5.445,units_per_acre,0,1,603
351,5.445,units_per_acre,0,1,604
352,5.196,units_per_acre,0,1,605
353,5.186,units_per_acre,0,1,606
354,5.159,units_per_acre,0,1,607
355,4.356,units_per_acre,0,1,608
356,5.125,units_per_acre,0,1,609
357,5.12,units_per_acre,0,1,610
358,5,units_per_acre,2.5,1,611
359,5,units_per_acre,0,1,613
360,5,units_per_acre,1,1,615
361,5,units_per_acre,0,1,616
362,5,units_per_acre,0,1,617
363,5,units_per_acre,4,1,618
364,4.8,units_per_acre,0,1,619
365,4.77,units_per_acre,0,1,622
366,4.4,units_per_acre,0,1,623
367,4.55,units_per_acre,0,1,624
369,4.538,units_per_acre,0,1,626
370,4.538,units_per_acre,0,1,627
371,4.5,units_per_acre,0,1,628
372,4,units_per_acre,0,1,629
373,4,units_per_acre,0,1,630
374,4.5,units_per_acre,0,1,631
375,4.5,units_per_acre,0,1,632
376,4.4,units_per_acre,0,1,633
377,4.36,units_per_acre,0,1,634
378,4.356,units_per_acre,0,1,635
379,4,units_per_acre,0,1,636
380,4.04,units_per_acre,0,1,637
381,4,units_per_acre,0,1,638
382,4,units_per_acre,1,1,641
383,2.42,units_per_acre,0,1,644
384,3.7,units_per_acre,0,1,645
385,3.63,units_per_acre,0,1,646
386,3.63,units_per_acre,0,1,647
388,3.5,units_per_acre,0,1,651
389,3.5,units_per_acre,0,1,652
390,3.485,units_per_acre,0,1,653
391,3.48,units_per_acre,0,1,654
392,3.25,units_per_acre,0,1,656
393,0.3,units_per_acre,0,1,659
394,3,units_per_acre,1,1,664
395,2,units_per_acre,0,1,666
396,3,units_per_acre,0,1,668
397,2.904,units_per_acre,0,1,672
398,2.7,units_per_acre,0,1,676
399,2.5,units_per_acre,0,1,680
400,2.323,units_per_acre,0,1,683
401,2.2,units_per_acre,0,1,685
402,2.18,units_per_acre,0,1,689
403,2.18,units_per_acre,0,1,690
404,2.178,units_per_acre,0,1,691
405,2.15,units_per_acre,0,1,692
406,2,units_per_acre,1,1,699
407,1,units_per_acre,0,1,704
408,2,units_per_acre,0,1,708
409,1,units_per_acre,0,1,714
410,1.556,units_per_acre,0,1,719
411,1,units_per_acre,0,1,720
412,1.45,units_per_acre,0,1,727
413,1.25,units_per_acre,0,1,732
414,1.25,units_per_acre,0,1,733
415,1.245,units_per_acre,0,1,734
416,1.24,units_per_acre,0,1,735
417,1.24,units_per_acre,0,1,736
418,0.2,units_per_acre,0,1,740
419,1.14,units_per_acre,0,1,741
420,1.1,units_per_acre,0,1,742
421,1.089,units_per_acre,0,1,743
422,1,units_per_acre,0,1,751
423,1,units_per_acre,1,1,754
424,0,units_per_acre,0,1,755
425,1,units_per_acre,0,1,760
426,0.5,units_per_acre,0,1,785
427,0.5,units_per_acre,0,1,794
429,0.4,units_per_acre,0,1,802
431,0.25,units_per_acre,0.25,1,819
432,0.25,units_per_acre,0,1,821
433,0.2,units_per_acre,0,1,823
434,0.2,units_per_acre,0,1,826
435,0.125,units_per_acre,0,1,827
436,0.1,units_per_acre,0,1,830
437,0.1,units_per_acre,0,1,831
438,0.1,units_per_acre,0,1,832
439,0.05,units_per_acre,0,1,833
440,0.05,units_per_acre,0,1,834
441,0.029,units_per_acre,0,1,835
442,0.025,units_per_acre,0,1,836
444,1,units_per_acre,0,1,756
445,0.2,units_per_acre,0,1,825
446,1012.77,units_per_acre,0,2,1
447,600,units_per_acre,0,2,2
448,566.28,units_per_acre,0,2,3
449,516.186,units_per_acre,0,2,4
450,479.16,units_per_acre,0,2,5
451,467.617,units_per_acre,0,2,6
452,444.312,units_per_acre,0,2,7
453,400,units_per_acre,40,2,8
454,393.782,units_per_acre,0,2,9
455,383.328,units_per_acre,0,2,10
456,388.555,units_per_acre,0,2,11
457,374.093,units_per_acre,0,2,12
458,355.45,units_per_acre,0,2,13
459,321.255,units_per_acre,0,2,14
460,313.632,units_per_acre,0,2,15
461,300,units_per_acre,0,2,16
462,300,units_per_acre,0,2,17
463,300,units_per_acre,0,2,18
464,300,units_per_acre,30,2,19
465,296.208,units_per_acre,0,2,20
466,283.14,units_per_acre,0,2,21
467,274,units_per_acre,20,2,22
468,275.648,units_per_acre,0,2,23
469,257.004,units_per_acre,0,2,24
470,258.746,units_per_acre,0,2,25
471,260,units_per_acre,0,2,26
472,261.36,units_per_acre,0,2,27
473,261.36,units_per_acre,0,2,28
474,258.42,units_per_acre,0,2,29
475,250.906,units_per_acre,0,2,30
476,243.936,units_per_acre,0,2,31
477,244.698,units_per_acre,0,2,32
478,235.224,units_per_acre,0,2,33
479,222.156,units_per_acre,0,2,36
480,217.8,units_per_acre,0,2,37
481,206.91,units_per_acre,0,2,38
482,206.91,units_per_acre,0,2,39
483,206.91,units_per_acre,0,2,40
484,202,units_per_acre,0,2,41
485,203.551,units_per_acre,0,2,42
486,200,units_per_acre,30,2,43
487,200,units_per_acre,30,2,44
488,200,units_per_acre,0,2,45
489,196,units_per_acre,0,2,46
490,185.13,units_per_acre,0,2,47
491,183,units_per_acre,0,2,48
492,185.13,units_per_acre,0,2,49
493,174.24,units_per_acre,0,2,50
494,176,units_per_acre,0,2,51
495,175.24,units_per_acre,1,2,52
496,174.24,units_per_acre,0,2,53
497,174.6,units_per_acre,0,2,54
498,174.24,units_per_acre,1,2,55
499,174.24,units_per_acre,0,2,56
501,169.884,units_per_acre,0,2,58
502,167.27,units_per_acre,0,2,59
504,157,units_per_acre,0,2,61
505,150,units_per_acre,0,2,62
506,150,units_per_acre,0,2,63
507,153.549,units_per_acre,0,2,64
508,150,units_per_acre,0,2,65
509,150,units_per_acre,0,2,66
510,152.46,units_per_acre,0,2,67
511,152,units_per_acre,0,2,69
512,150,units_per_acre,0,2,70
513,150,units_per_acre,0,2,71
514,150,units_per_acre,0,2,72
515,150,units_per_acre,0,2,73
516,150,units_per_acre,0,2,74
517,152,units_per_acre,0,2,75
518,150,units_per_acre,25,2,76
519,145,units_per_acre,0,2,77
520,150,units_per_acre,0,2,78
521,139.392,units_per_acre,0,2,79
522,137.824,units_per_acre,0,2,80
523,137,units_per_acre,0,2,81
524,139.392,units_per_acre,0,2,82
525,137,units_per_acre,0,2,83
526,130.68,units_per_acre,0,2,84
527,130.68,units_per_acre,0,2,85
528,130.95,units_per_acre,0,2,86
529,130,units_per_acre,0,2,87
530,130,units_per_acre,0,2,88
531,130,units_per_acre,0,2,89
532,130.68,units_per_acre,0,2,90
533,130.68,units_per_acre,0,2,91
534,130,units_per_acre,0,2,93
535,126.324,units_per_acre,0,2,94
536,130.68,units_per_acre,0,2,95
537,121.968,units_per_acre,0,2,97
538,122,units_per_acre,0,2,98
539,116.16,units_per_acre,0,2,99
540,108.9,units_per_acre,0,2,101
541,111.078,units_per_acre,0,2,102
542,108.9,units_per_acre,0,2,103
543,108.9,units_per_acre,0,2,104
544,108.9,units_per_acre,1,2,105
545,106,units_per_acre,0,2,106
546,100,units_per_acre,25,2,107
547,107,units_per_acre,0,2,108
548,104.544,units_per_acre,10,2,109
549,104.544,units_per_acre,10,2,110
550,104.544,units_per_acre,0,2,111
551,104.544,units_per_acre,10,2,112
552,104.544,units_per_acre,10,2,113
553,98.446,units_per_acre,0,2,114
554,100,units_per_acre,0,2,115
555,100,units_per_acre,0,2,116
556,100,units_per_acre,0,2,117
557,100,units_per_acre,0,2,118
558,100,units_per_acre,0,2,119
559,98.01,units_per_acre,0,2,120
560,100,units_per_acre,0,2,121
561,92.565,units_per_acre,0,2,122
562,92,units_per_acre,0,2,123
563,91,units_per_acre,0,2,124
564,91.476,units_per_acre,0,2,126
565,87.12,units_per_acre,0,2,127
566,87.12,units_per_acre,0,2,128
568,87.12,units_per_acre,0,2,130
569,87.12,units_per_acre,0,2,131
570,87.12,units_per_acre,0,2,132
571,87.12,units_per_acre,20,2,133
572,83,units_per_acre,0,2,134
573,82,units_per_acre,0,2,135
574,80,units_per_acre,20,2,137
575,76.23,units_per_acre,0,2,138
576,78.408,units_per_acre,0,2,139
577,78,units_per_acre,0,2,140
578,72,units_per_acre,36,2,141
579,75,units_per_acre,0,2,142
580,74,units_per_acre,0,2,143
581,75,units_per_acre,0,2,144
582,72,units_per_acre,36,2,145
583,75,units_per_acre,0,2,146
584,75,units_per_acre,0,2,147
585,75,units_per_acre,0,2,148
586,72,units_per_acre,0,2,149
587,73,units_per_acre,0,2,150
588,70,units_per_acre,0,2,151
589,72,units_per_acre,0,2,152
590,72,units_per_acre,0,2,153
591,69.696,units_per_acre,0,2,154
592,69.696,units_per_acre,0,2,155
593,68,units_per_acre,0,2,156
594,70,units_per_acre,0,2,157
595,67,units_per_acre,0,2,158
596,65,units_per_acre,0,2,159
597,62,units_per_acre,0,2,160
598,65.34,units_per_acre,15.557,2,161
599,65.34,units_per_acre,10.89,2,162
600,63.298,units_per_acre,0,2,163
601,60,units_per_acre,10,2,164
602,61,units_per_acre,0,2,165
603,60,units_per_acre,0,2,166
604,60,units_per_acre,0,2,167
605,54,units_per_acre,0,2,168
606,59,units_per_acre,0,2,170
607,58.806,units_per_acre,0,2,172
608,58,units_per_acre,0,2,173
609,54.5,units_per_acre,0,2,175
610,56,units_per_acre,0,2,176
611,54,units_per_acre,0,2,177
612,54,units_per_acre,0,2,178
613,58,units_per_acre,0,2,179
614,56.628,units_per_acre,0,2,180
615,54,units_per_acre,0,2,181
616,50,units_per_acre,0,2,182
617,52,units_per_acre,0,2,183
618,55,units_per_acre,0,2,184
620,50,units_per_acre,0,2,186
621,54,units_per_acre,0,2,187
622,52.272,units_per_acre,0,2,188
623,52,units_per_acre,0,2,189
624,48,units_per_acre,0,2,190
625,48,units_per_acre,0,2,192
626,52,units_per_acre,0,2,193
627,50,units_per_acre,0,2,194
628,48,units_per_acre,16,2,196
629,50,units_per_acre,0,2,197
630,48,units_per_acre,0,2,198
631,48,units_per_acre,0,2,199
632,48,units_per_acre,24,2,200
633,50.094,units_per_acre,0,2,201
634,50,units_per_acre,5,2,202
635,48,units_per_acre,10,2,203
636,48.4,units_per_acre,0,2,204
637,48,units_per_acre,0,2,205
638,46,units_per_acre,0,2,206
639,41,units_per_acre,0,2,207
640,48,units_per_acre,0,2,208
641,48.4,units_per_acre,0,2,209
642,48.4,units_per_acre,0,2,210
643,45,units_per_acre,1,2,211
644,45,units_per_acre,1,2,212
646,45,units_per_acre,0,2,214
647,43.56,units_per_acre,0,2,215
648,44,units_per_acre,0,2,216
649,45,units_per_acre,0,2,217
650,43.56,units_per_acre,0,2,218
651,43.56,units_per_acre,1,2,220
652,43,units_per_acre,0,2,221
653,40.838,units_per_acre,0,2,222
654,43.56,units_per_acre,0,2,223
655,43.56,units_per_acre,0,2,224
656,35,units_per_acre,0,2,226
657,36,units_per_acre,1,2,227
658,43.56,units_per_acre,0,2,228
659,43.56,units_per_acre,0,2,229
660,40,units_per_acre,0,2,230
661,36,units_per_acre,1,2,231
662,36,units_per_acre,1,2,232
663,40,units_per_acre,0,2,233
664,50,units_per_acre,0,2,195
665,37.026,units_per_acre,0,2,234
666,37.026,units_per_acre,0,2,235
667,39.204,units_per_acre,0,2,236
668,40,units_per_acre,0,2,237
669,36,units_per_acre,0,2,238
670,35,units_per_acre,0,2,239
671,36,units_per_acre,0,2,240
672,36,units_per_acre,18,2,241
673,38,units_per_acre,0,2,242
674,35,units_per_acre,0,2,243
675,37.5,units_per_acre,0,2,244
676,34,units_per_acre,0,2,245
677,34,units_per_acre,0,2,246
678,35,units_per_acre,0,2,247
679,35,units_per_acre,0,2,248
680,34.848,units_per_acre,0,2,249
681,36,units_per_acre,16.8,2,250
682,30,units_per_acre,0,2,251
683,36,units_per_acre,0,2,252
684,35,units_per_acre,0,2,253
685,32,units_per_acre,0,2,254
686,35,units_per_acre,0,2,255
687,35,units_per_acre,0,2,256
688,34.848,units_per_acre,1,2,257
689,35,units_per_acre,0,2,258
690,30,units_per_acre,0,2,259
691,30,units_per_acre,0,2,260
692,30,units_per_acre,0,2,261
694,30,units_per_acre,0,2,263
695,30,units_per_acre,12,2,264
696,30,units_per_acre,0,2,265
697,30,units_per_acre,0,2,266
698,30,units_per_acre,0,2,267
700,30,units_per_acre,0,2,269
701,30,units_per_acre,0,2,270
702,30,units_per_acre,10,2,271
703,26,units_per_acre,0,2,272
704,30,units_per_acre,0,2,273
705,30,units_per_acre,10,2,274
706,30,units_per_acre,10,2,275
707,30,units_per_acre,0,2,276
708,30,units_per_acre,0,2,277
709,30,units_per_acre,0,2,278
710,29,units_per_acre,0,2,279
711,30,units_per_acre,0,2,280
712,30,units_per_acre,0,2,281
713,30,units_per_acre,0,2,282
714,30,units_per_acre,0,2,283
715,26,units_per_acre,1,2,284
716,30,units_per_acre,0,2,285
717,30,units_per_acre,19,2,286
718,29.04,units_per_acre,0,2,288
719,26,units_per_acre,1,2,289
720,26.136,units_per_acre,0,2,290
721,26.136,units_per_acre,0,2,291
722,29.1,units_per_acre,0,2,292
723,29.04,units_per_acre,0,2,293
724,29,units_per_acre,0,2,294
725,25,units_per_acre,8,2,295
727,29,units_per_acre,0,2,297
728,25,units_per_acre,12,2,298
729,26.62,units_per_acre,0,2,299
730,24,units_per_acre,0,2,300
731,25,units_per_acre,0,2,301
732,25,units_per_acre,8,2,302
733,24.503,units_per_acre,0,2,303
734,24,units_per_acre,0,2,304
735,25,units_per_acre,0,2,305
736,27,units_per_acre,0,2,306
737,27,units_per_acre,13.5,2,307
738,25,units_per_acre,10,2,308
739,21.78,units_per_acre,0,2,309
740,24,units_per_acre,0,2,310
741,24,units_per_acre,0,2,311
742,24,units_per_acre,0,2,312
743,25,units_per_acre,8,2,313
744,25,units_per_acre,0,2,314
745,24,units_per_acre,0,2,315
746,24,units_per_acre,18,2,316
747,24,units_per_acre,0,2,317
749,26,units_per_acre,0,2,319
750,22,units_per_acre,0,2,320
751,24,units_per_acre,0,2,321
752,24,units_per_acre,0,2,322
753,25.624,units_per_acre,0,2,323
754,23.1,units_per_acre,0,2,324
755,24,units_per_acre,7,2,325
756,24,units_per_acre,0,2,326
757,22,units_per_acre,0,2,327
758,24.2,units_per_acre,0,2,328
759,24,units_per_acre,0,2,329
760,25,units_per_acre,6,2,330
761,25,units_per_acre,0,2,331
762,25,units_per_acre,4,2,332
763,25,units_per_acre,0,2,333
764,25,units_per_acre,8,2,334
765,25,units_per_acre,6,2,335
766,25,units_per_acre,12,2,336
767,25,units_per_acre,8,2,337
768,25,units_per_acre,8,2,338
769,21.78,units_per_acre,0,2,339
770,24,units_per_acre,0,2,340
771,22,units_per_acre,10,2,341
772,24.5,units_per_acre,0,2,342
773,24,units_per_acre,0,2,343
774,24.2,units_per_acre,0,2,344
775,24,units_per_acre,0,2,345
776,24,units_per_acre,13,2,346
777,20,units_per_acre,8,2,347
778,24,units_per_acre,0,2,348
779,20,units_per_acre,12,2,349
780,21.78,units_per_acre,0,2,350
781,21.8,units_per_acre,0,2,351
782,21.78,units_per_acre,0,2,352
783,22,units_per_acre,0,2,353
784,21.78,units_per_acre,0,2,355
785,23,units_per_acre,0,2,356
786,20,units_per_acre,8,2,357
787,22.5,units_per_acre,0,2,358
788,20,units_per_acre,0,2,359
789,22,units_per_acre,0,2,360
790,20,units_per_acre,0,2,361
791,19.602,units_per_acre,0,2,362
792,21.78,units_per_acre,0,2,363
793,20,units_per_acre,0,2,364
794,20,units_per_acre,0,2,365
795,20,units_per_acre,0,2,366
796,20,units_per_acre,0,2,367
797,20,units_per_acre,0,2,368
798,19.965,units_per_acre,0,2,369
799,20,units_per_acre,0,2,370
800,18,units_per_acre,0,2,371
801,20,units_per_acre,0,2,372
802,18,units_per_acre,0,2,373
803,20,units_per_acre,0,2,374
804,19.602,units_per_acre,0,2,375
805,20,units_per_acre,0,2,376
806,19,units_per_acre,0,2,377
808,18,units_per_acre,0,2,379
809,18,units_per_acre,0,2,380
810,20,units_per_acre,0,2,381
811,20,units_per_acre,15,2,383
812,20,units_per_acre,5,2,384
813,20,units_per_acre,0,2,385
814,16,units_per_acre,0,2,386
815,20,units_per_acre,0,2,387
816,20,units_per_acre,10,2,388
817,20,units_per_acre,8,2,389
818,18,units_per_acre,8,2,390
819,18,units_per_acre,0,2,391
820,17.424,units_per_acre,0,2,392
821,15,units_per_acre,4,2,393
822,16,units_per_acre,0,2,394
823,12,units_per_acre,0,2,395
824,15.557,units_per_acre,0,2,396
825,15.557,units_per_acre,0,2,397
827,14.5,units_per_acre,0,2,399
829,18,units_per_acre,0,2,401
830,18,units_per_acre,0,2,402
831,18.5,units_per_acre,0,2,403
832,18,units_per_acre,0,2,404
833,18.188,units_per_acre,0,2,405
834,18.15,units_per_acre,0,2,406
835,16,units_per_acre,4,2,407
836,18,units_per_acre,9.6,2,408
837,16,units_per_acre,8,2,409
838,18,units_per_acre,10,2,410
839,18,units_per_acre,0,2,411
840,18,units_per_acre,0,2,412
841,18,units_per_acre,0,2,413
842,16.33,units_per_acre,0,2,414
843,14.52,units_per_acre,0,2,415
844,17.4,units_per_acre,0,2,416
845,14,units_per_acre,0,2,417
846,14.52,units_per_acre,0,2,418
847,14.5,units_per_acre,0,2,419
849,13,units_per_acre,0,2,421
850,15,units_per_acre,0,2,422
851,14.52,units_per_acre,0,2,423
852,16.754,units_per_acre,0,2,424
853,14.52,units_per_acre,0,2,425
854,15,units_per_acre,0,2,426
855,12,units_per_acre,0,2,427
856,16,units_per_acre,0,2,428
857,16,units_per_acre,6,2,429
858,16,units_per_acre,5,2,430
859,13,units_per_acre,0,2,431
860,14.5,units_per_acre,0,2,432
861,15,units_per_acre,0,2,433
862,14.52,units_per_acre,0,2,435
863,15,units_per_acre,0,2,436
864,12,units_per_acre,0,2,437
865,15,units_per_acre,0,2,438
866,15,units_per_acre,0,2,440
867,15,units_per_acre,0,2,441
868,15,units_per_acre,4,2,442
870,14.6,units_per_acre,0,2,444
871,12,units_per_acre,0,2,445
872,12,units_per_acre,0,2,446
873,12,units_per_acre,0,2,447
874,14.55,units_per_acre,0,2,448
875,14.52,units_per_acre,0,2,449
876,14.52,units_per_acre,0,2,450
877,13.31,units_per_acre,0,2,451
878,12,units_per_acre,0,2,452
879,13,units_per_acre,0,2,453
880,12,units_per_acre,0,2,454
881,12,units_per_acre,8,2,455
882,13,units_per_acre,0,2,456
883,12,units_per_acre,0,2,457
884,12,units_per_acre,6,2,458
885,14,units_per_acre,0,2,459
886,12,units_per_acre,0,2,460
887,12,units_per_acre,0,2,461
888,12.453,units_per_acre,0,2,462
889,12,units_per_acre,0,2,465
890,12.1,units_per_acre,0,2,466
891,12,units_per_acre,6,2,467
892,12,units_per_acre,0,2,468
893,12,units_per_acre,0,2,469
894,13.403,units_per_acre,0,2,470
895,13.068,units_per_acre,1,2,471
896,12.1,units_per_acre,0,2,472
897,12.1,units_per_acre,0,2,473
898,12.1,units_per_acre,0,2,474
899,13.29,units_per_acre,0,2,475
900,12.1,units_per_acre,0,2,477
901,12.1,units_per_acre,0,2,478
902,13.003,units_per_acre,0,2,479
903,12,units_per_acre,0,2,480
904,12,units_per_acre,0,2,481
905,12,units_per_acre,0,2,483
906,12,units_per_acre,0,2,484
907,12,units_per_acre,0,2,485
908,12.1,units_per_acre,0,2,486
909,12.1,units_per_acre,0,2,487
910,12.5,units_per_acre,0,2,488
911,12,units_per_acre,0,2,489
912,12,units_per_acre,0,2,490
913,12,units_per_acre,0,2,491
914,12.1,units_per_acre,0,2,493
915,12,units_per_acre,5,2,494
916,12,units_per_acre,0,2,495
917,12,units_per_acre,0,2,497
918,12,units_per_acre,8,2,498
919,12,units_per_acre,0,2,499
920,12,units_per_acre,6,2,500
921,130.68,units_per_acre,0,2,92
922,58,units_per_acre,0,2,174
923,12,far,1,3,2
924,1.5,far,0,3,4
925,8,far,0,3,5
926,2.5,far,0,3,6
927,2.5,far,0,3,7
928,6,far,0,3,8
929,1.5,far,0,3,9
930,11,far,0,3,10
931,4,far,0,3,11
932,5.5,far,0,3,12
933,4.5,far,0,3,13
934,8,far,0,3,14
935,1.5,far,0,3,15
936,6,far,1,3,16
937,3,far,0,3,19
938,6,far,0,3,20
939,6.5,far,0,3,21
940,9,far,0,3,22
941,4,far,0,3,23
942,21,far,0,3,24
943,15,far,0,3,25
944,12,far,0,3,26
945,7,far,0,3,27
946,6,far,0,3,28
947,4.5,far,0,3,29
948,4.5,far,0,3,30
949,8,far,0,3,31
950,5,far,0,3,32
951,7,far,0,3,33
952,5.4,far,0,3,34
953,13,far,0,3,35
954,5.1,far,0,3,36
955,7,far,0,3,37
956,8.5,far,0,3,38
957,8,far,0,3,39
958,5,far,0,3,40
959,7.1,far,0,3,41
960,5,far,0,3,42
961,3,far,0,3,43
962,2,far,0,3,44
963,0.5,far,0,3,46
964,6.5,far,0,3,47
965,6,far,0,3,48
966,7,far,0,3,50
967,5.35,far,0,3,52
968,6,far,0,3,53
969,5,far,0,3,54
970,5.35,far,0,3,55
971,4,far,0,3,56
973,3.9,far,0,3,58
974,5,far,0,3,59
976,3.6,far,0,3,61
977,10,far,0,3,62
978,10,far,0,3,63
979,4.5,far,0,3,64
980,7,far,0,3,65
981,7,far,0,3,66
982,3.5,far,0,3,67
983,3,far,0,3,69
984,5,far,0.75,3,70
985,5,far,0,3,71
986,4.25,far,0,3,72
987,4,far,0,3,73
988,4,far,0,3,74
989,1,far,0,3,75
990,3,far,0,3,76
991,5.5,far,0,3,79
992,7,far,0,3,80
993,5,far,0,3,81
994,0.5,far,0,3,83
995,6,far,0,3,84
996,4.5,far,0,3,85
997,4,far,0,3,86
998,4,far,0,3,87
999,4,far,0,3,88
1000,4,far,0,3,89
1001,3,far,0,3,90
1002,3,far,0,3,91
1003,3.5,far,1,3,93
1004,6,far,0,3,94
1005,12,far,0,3,96
1006,5,far,0,3,97
1007,4,far,0,3,98
1008,7,far,0,3,99
1009,16.25,far,0,3,100
1010,7,far,0,3,101
1011,4.25,far,0,3,102
1012,5,far,0,3,103
1013,5,far,0,3,104
1014,2.7,far,0,3,105
1015,8,far,0,3,107
1016,1,far,0,3,108
1017,3,far,0,3,109
1018,2.5,far,0,3,110
1019,2.4,far,0,3,111
1020,2,far,0,3,112
1021,2,far,0,3,113
1022,6,far,0,3,114
1023,4,far,0,3,115
1024,4,far,0,3,116
1025,4,far,0,3,117
1026,3,far,0,3,118
1027,3,far,0,3,119
1028,4.5,far,0,3,120
1029,2.5,far,0,3,121
1030,4.25,far,0,3,122
1031,3,far,0,3,123
1032,3,far,0.5,3,124
1033,2.1,far,0,3,126
1034,6,far,0,3,127
1035,4,far,0,3,128
1037,2,far,0,3,130
1038,2,far,0,3,131
1039,2,far,0,3,132
1040,1,far,0,3,133
1041,2.7,far,0,3,135
1042,9,far,1.5,3,136
1043,3.25,far,0,3,137
1044,7,far,0,3,138
1045,3,far,0,3,139
1046,2,far,0,3,140
1047,6.3,far,0,3,141
1048,3,far,0,3,142
1049,4,far,0,3,143
1050,2.5,far,0,3,144
1051,5.4,far,0,3,145
1052,2,far,0,3,146
1053,2,far,0,3,147
1054,2,far,0,3,148
1055,4.5,far,0,3,149
1056,3,far,0,3,150
1057,3,far,0,3,152
1058,2.7,far,0,3,153
1059,2.4,far,0,3,154
1060,2,far,0,3,155
1061,3,far,0,3,156
1062,3,far,0,3,159
1063,5,far,0,3,160
1064,1.75,far,0,3,163
1065,3.25,far,0,3,164
1066,2,far,0,3,165
1067,3,far,0,3,166
1068,3,far,0,3,167
1069,9,far,0,3,168
1070,4,far,0,3,169
1071,3,far,0,3,170
1072,4,far,0,3,171
1073,2.25,far,0,3,172
1074,3,far,0,3,173
1075,5,far,0,3,175
1076,3,far,0,3,176
1077,5,far,0,3,177
1078,2.5,far,0,3,181
1079,6.5,far,0,3,182
1080,3,far,0,3,183
1082,4,far,0,3,186
1083,1.5,far,0,3,188
1084,1.4,far,0,3,189
1085,5.4,far,0,3,190
1086,1.2,far,0,3,191
1087,5.1,far,0,3,192
1088,1,far,0,3,193
1089,3,far,0,3,194
1090,4,far,0,3,196
1091,1.25,far,0,3,197
1092,3,far,0,3,198
1093,3,far,0,3,199
1094,2.1,far,0,3,200
1095,2,far,0,3,203
1096,1.25,far,0,3,204
1097,1.5,far,0,3,205
1098,3,far,0,3,206
1099,8,far,0,3,207
1100,0.5,far,0,3,208
1101,3,far,0,3,211
1102,3,far,0,3,212
1103,2,far,0,3,214
1104,3,far,0,3,215
1105,2,far,0,3,216
1106,0.6,far,0,3,217
1107,2,far,0,3,218
1108,0.35,far,0,3,219
1109,1.55,far,0,3,220
1110,2,far,0,3,221
1111,4,far,0,3,222
1112,1,far,0,3,223
1113,1,far,0,3,224
1114,1,far,0,3,225
1115,9,far,0,3,226
1116,8,far,0,3,227
1117,2.4,far,0,3,230
1118,6,far,0,3,232
1119,2,far,0,3,195
1120,4.25,far,0,3,234
1121,4.25,far,0,3,235
1122,1.5,far,0,3,236
1123,3,far,0,3,238
1124,4,far,0,3,239
1125,2.7,far,0,3,240
1126,2.7,far,0,3,241
1127,3,far,0,3,243
1128,3.4,far,0,3,245
1129,3,far,0,3,246
1130,2,far,0,3,247
1131,1.8,far,0,3,248
1132,1.6,far,0,3,249
1133,6,far,1,3,251
1134,4,far,0,3,254
1135,0.8,far,0,3,255
1136,0.5,far,0,3,256
1137,0.45,far,0,3,257
1138,4.5,far,1,3,259
1139,4,far,0,3,260
1140,3.6,far,0,3,261
1142,2.8,far,0,3,263
1143,2.75,far,0,3,264
1144,2.7,far,0,3,265
1145,2.55,far,0,3,266
1146,2.5,far,0,3,267
1148,2.45,far,0,3,269
1149,2,far,0,3,270
1150,2,far,0,3,271
1151,6,far,0,3,272
1152,2,far,0,3,273
1153,1.5,far,0,3,274
1154,1.5,far,0,3,275
1155,1.4,far,0,3,276
1156,1.35,far,0,3,277
1157,2,far,0,3,279
1158,1,far,0,3,280
1159,1,far,0,3,281
1160,0.65,far,0,3,282
1161,0.21,far,0,3,287
1162,0.5,far,0,3,288
1163,3.2,far,0,3,289
1164,3,far,0,3,290
1165,3,far,0,3,291
1167,4,far,0,3,298
1168,1.5,far,0,3,299
1169,4,far,0,3,300
1170,3,far,0,3,301
1171,2.75,far,0,3,302
1172,3,far,0,3,303
1173,3.4,far,0,3,304
1174,2.25,far,0,3,305
1175,2,far,0,3,308
1176,5,far,0,3,309
1177,2.7,far,0,3,310
1178,2.55,far,0,3,311
1179,2.55,far,0,3,312
1180,2.4,far,0,3,315
1181,2.4,far,0,3,316
1182,2,far,0,3,317
1184,4,far,0,3,320
1185,2,far,0,3,321
1186,1.95,far,0,3,322
1187,1.6,far,0,3,325
1188,1.5,far,0,3,326
1189,3.5,far,0,3,327
1190,1.25,far,0,3,328
1191,1,far,0,3,329
1192,0,far,0,3,330
1193,0,far,0,3,332
1194,0,far,0,3,334
1195,0,far,0,3,337
1196,3,far,0,3,339
1197,0.75,far,0,3,340
1198,2.75,far,0,3,341
1199,0.5,far,0,3,343
1200,4,far,0,3,347
1201,4,far,0,3,349
1202,2,far,0,3,351
1203,2,far,0,3,352
1204,1.5,far,0,3,353
1205,1.7,far,0,3,354
1206,1.5,far,0,3,355
1207,2.75,far,0,3,357
1208,2,far,0,3,359
1209,2,far,0,3,361
1210,2.25,far,0,3,362
1211,1.5,far,0,3,364
1212,1.4,far,0,3,365
1213,1.25,far,0,3,366
1214,1.2,far,0,3,367
1215,1.2,far,0,3,368
1216,1.2,far,0,3,369
1217,1.05,far,0,3,370
1218,3,far,0,3,371
1219,1,far,0,3,372
1220,1,far,0,3,374
1221,1.35,far,0,3,375
1222,0.75,far,0,3,376
1223,1.75,far,0,3,377
1225,2.55,far,0,3,379
1226,2.55,far,0,3,380
1227,0.5,far,0,3,382
1228,4,far,0,3,386
1229,1.5,far,0,3,391
1230,2,far,0,3,392
1231,4,far,0,3,393
1232,3,far,0,3,394
1233,6.8,far,0,3,395
1234,3,far,0,3,396
1237,0.5,far,0,3,401
1238,0.5,far,0,3,402
1239,0.2,far,0,3,404
1240,2,far,0,3,407
1241,2,far,0,3,409
1242,1.5,far,0,3,414
1243,3,far,0,3,415
1244,3.4,far,0,3,417
1245,2.5,far,0,3,418
1247,4,far,0,3,421
1248,1.8,far,0,3,422
1249,2.25,far,0,3,423
1250,2,far,0,3,425
1251,1.5,far,0,3,426
1252,4.25,far,0,3,427
1253,3,far,0,3,431
1254,0.9,far,0,3,433
1255,1.25,far,0,3,435
1256,0.7,far,0,3,436
1257,3.2,far,0,3,437
1258,3,far,0,3,439
1260,2.55,far,0,3,445
1261,2.55,far,0,3,446
1262,2.55,far,0,3,447
1263,1.2,far,0,3,451
1264,1.5,far,0,3,453
1265,2.4,far,0,3,454
1266,2.4,far,0,3,455
1267,1.25,far,0,3,456
1268,2.1,far,0,3,457
1269,2,far,0,3,458
1270,2,far,0,3,460
1271,2,far,0,3,461
1272,1.5,far,0,3,462
1273,3,far,0,3,463
1274,3.75,far,0,3,464
1275,1.5,far,0,3,466
1276,1.5,far,0,3,468
1277,1.5,far,0,3,469
1278,0.3,far,0,3,471
1279,1.25,far,0,3,472
1280,1.25,far,0,3,473
1281,1.25,far,0,3,474
1282,2.25,far,0,3,476
1283,1,far,0,3,477
1284,1,far,0,3,478
1285,1,far,0,3,480
1286,1,far,0,3,481
1288,1,far,0,3,483
1289,1,far,0,3,484
1290,0.8,far,0,3,485
1291,0.7,far,0,3,486
1292,0.5,far,0,3,490
1293,0.2,far,0,3,491
1294,0.18,far,0,3,492
1295,1,far,0,3,496
1296,3.4,far,0,3,501
1297,1.2,far,0,3,502
1298,2,far,0,3,504
1299,0.7,far,0,3,507
1300,2.55,far,0,3,508
1301,2.55,far,0,3,509
1302,0.5,far,0,3,510
1303,3,far,0,3,511
1304,3,far,0,3,512
1305,1,far,0,3,523
1307,1.5,far,0,3,527
1308,2.4,far,0,3,528
1309,0.6,far,0,3,529
1310,2,far,0,3,530
1311,1.2,far,0,3,533
1312,0.5,far,0,3,535
1313,3,far,0,3,540
1314,4,far,0,3,548
1315,1,far,0,3,549
1316,2.25,far,0,3,550
1318,0,far,0,3,555
1319,1.8,far,0,3,558
1320,1.65,far,0,3,559
1321,1.6,far,0,3,561
1322,2.4,far,0,3,575
1323,2.1,far,0,3,579
1324,1,far,0,3,584
1325,6,far,0,3,586
1326,6,far,0,3,588
1328,1.95,far,0,3,592
1329,1.75,far,0,3,596
1330,0.5,far,0,3,597
1331,1.5,far,0,3,601
1332,0.8,far,0,3,608
1333,5,far,0,3,612
1334,5,far,0,3,614
1335,4.8,far,0,3,620
1336,4.8,far,0,3,621
1337,0.5,far,0,3,630
1338,4,far,0,3,639
1339,4,far,0,3,640
1340,4,far,0,3,642
1341,4,far,0,3,643
1342,1.35,far,0,3,644
1343,3.5,far,0,3,648
1345,3.4,far,0,3,655
1346,3.2,far,0,3,657
1347,2.75,far,0,3,659
1348,3,far,0,3,660
1349,3,far,0,3,662
1350,3,far,0,3,663
1351,3,far,0,3,667
1352,3,far,0,3,669
1353,3,far,0,3,671
1354,2.8,far,0,3,673
1355,2.75,far,0,3,674
1356,2.75,far,0,3,675
1357,2.55,far,0,3,677
1358,2.5,far,0,3,678
1359,2.5,far,0,3,679
1360,2.4,far,0,3,681
1361,2.25,far,0,3,684
1363,2.2,far,0,3,688
1364,2.1,far,0,3,694
1365,2.1,far,0,3,695
1366,2.1,far,0,3,696
1367,2,far,0,3,698
1368,2,far,0,3,700
1369,2,far,0,3,702
1370,2,far,0,3,703
1371,1,far,0,3,704
1372,2,far,0,3,705
1373,2,far,0,3,706
1374,2,far,0,3,707
1375,1.95,far,0,3,709
1376,1.8,far,0,3,710
1377,1.75,far,0,3,712
1379,0.75,far,0,3,714
1380,1.65,far,0,3,715
1381,1.6,far,0,3,717
1382,0.5,far,0,3,720
1383,1.5,far,0,3,721
1384,1.5,far,0,3,723
1385,1.5,far,0,3,726
1386,1.35,far,0,3,729
1387,1.25,far,0,3,731
1388,1.2,far,0,3,737
1389,1.2,far,0,3,738
1390,1,far,0,3,740
1391,1.05,far,0,3,744
1392,1,far,0,3,745
1393,1,far,0,3,746
1394,1,far,0,3,748
1395,1,far,0,3,749
1396,1,far,0,3,750
1397,1,far,0,3,752
1398,1,far,0,3,755
1399,1,far,0,3,757
1400,1,far,0,3,758
1401,1,far,0,3,759
1404,0.8,far,0,3,765
1405,0.8,far,0,3,766
1406,0.8,far,0,3,767
1407,0.75,far,0,3,768
1408,0.6,far,0,3,770
1409,0.6,far,0,3,771
1410,0.6,far,0,3,773
1411,0.6,far,0,3,774
1412,0.6,far,0,3,775
1413,0.6,far,0,3,776
1414,0.6,far,0,3,777
1415,0.55,far,0,3,780
1416,0.5,far,0,3,782
1417,0.5,far,0,3,783
1418,0.5,far,0,3,786
1419,0.5,far,0,3,792
1420,0.45,far,0,3,796
1421,0.4,far,0,3,799
1422,0.4,far,0,3,801
1423,0.4,far,0,3,805
1424,0.4,far,0,3,806
1425,0.38,far,0,3,809
1426,0.38,far,0,3,810
1427,0.38,far,0,3,811
1428,0.35,far,0,3,812
1429,0.35,far,0,3,813
1430,0.33,far,0,3,815
1431,0.3,far,0,3,816
1432,0.25,far,0,3,820
1433,1.6,far,0,3,716
1434,0,far,0,3,832
1435,0,far,0,3,834
1436,0.35,far,0,3,814
1437,0.35,far,0,3,814
1438,3,far,0,3,92
1439,3,far,0,3,174
1441,0.8,far,0,3,762
1442,12,far,1,4,2
1443,1.5,far,0,4,4
1444,8,far,0,4,5
1445,2.5,far,0,4,6
1446,2.5,far,0,4,7
1447,6,far,0,4,8
1448,1.5,far,0,4,9
1449,11,far,0,4,10
1450,4,far,0,4,11
1451,5.5,far,0,4,12
1452,4.5,far,0,4,13
1453,8,far,0,4,14
1454,1.5,far,0,4,15
1455,6,far,1,4,16
1456,6,far,1,4,17
1457,4,far,1,4,18
1458,3,far,0,4,19
1459,6,far,0,4,20
1460,6.5,far,0,4,21
1461,9,far,0,4,22
1462,4,far,0,4,23
1463,21,far,0,4,24
1464,15,far,0,4,25
1465,12,far,0,4,26
1466,7,far,0,4,27
1467,6,far,0,4,28
1468,4.5,far,0,4,29
1469,4.5,far,0,4,30
1470,8,far,0,4,31
1471,5,far,0,4,32
1472,7,far,0,4,33
1473,5.4,far,0,4,34
1474,13,far,0,4,35
1475,5.1,far,0,4,36
1476,7,far,0,4,37
1477,8.5,far,0,4,38
1478,8,far,0,4,39
1479,5,far,0,4,40
1480,7.1,far,0,4,41
1481,5,far,0,4,42
1482,3,far,0,4,43
1483,2,far,0,4,44
1484,0.5,far,0,4,46
1485,6.5,far,0,4,47
1486,6,far,0,4,48
1487,7,far,0,4,50
1488,5,far,0,4,51
1489,5.35,far,0,4,52
1490,6,far,0,4,53
1491,5,far,0,4,54
1492,5.35,far,0,4,55
1493,4,far,0,4,56
1495,3.9,far,0,4,58
1496,5,far,0,4,59
1498,3.6,far,0,4,61
1499,10,far,0,4,62
1500,10,far,0,4,63
1501,4.5,far,0,4,64
1502,7,far,0,4,65
1503,7,far,0,4,66
1504,3.5,far,0,4,67
1505,3.5,far,0,4,68
1506,3,far,0,4,69
1507,5,far,0.75,4,70
1508,5,far,0,4,71
1509,4.25,far,0,4,72
1510,4,far,0,4,73
1511,4,far,0,4,74
1512,1,far,0,4,75
1513,3,far,0,4,76
1514,5,far,0,4,77
1515,5.5,far,0,4,79
1516,7,far,0,4,80
1517,5,far,0,4,81
1518,0.5,far,0,4,83
1519,6,far,0,4,84
1520,4.5,far,0,4,85
1521,4,far,0,4,86
1522,4,far,0,4,87
1523,4,far,0,4,88
1524,4,far,0,4,89
1525,3,far,0,4,90
1526,3,far,0,4,91
1527,3.5,far,1,4,93
1528,6,far,0,4,94
1529,12,far,0,4,96
1530,5,far,0,4,97
1531,4,far,0,4,98
1532,7,far,0,4,99
1533,16.25,far,0,4,100
1534,7,far,0,4,101
1535,4.25,far,0,4,102
1536,5,far,0,4,103
1537,5,far,0,4,104
1538,2.7,far,0,4,105
1539,3,far,0,4,106
1540,8,far,0,4,107
1541,1,far,0,4,108
1542,3,far,0,4,109
1543,2.5,far,0,4,110
1544,2.4,far,0,4,111
1545,2,far,0,4,112
1546,2,far,0,4,113
1547,6,far,0,4,114
1548,4,far,0,4,115
1549,4,far,0,4,116
1550,4,far,0,4,117
1551,3,far,0,4,118
1552,3,far,0,4,119
1553,4.5,far,0,4,120
1554,2.5,far,0,4,121
1555,4.25,far,0,4,122
1556,3,far,0,4,123
1557,3,far,0.5,4,124
1558,2.1,far,0,4,126
1559,6,far,0,4,127
1560,4,far,0,4,128
1562,2,far,0,4,130
1563,2,far,0,4,131
1564,2,far,0,4,132
1565,1,far,0,4,133
1566,4,far,0,4,134
1567,2.7,far,0,4,135
1568,9,far,1.5,4,136
1569,3.25,far,0,4,137
1570,7,far,0,4,138
1571,3,far,0,4,139
1572,2,far,0,4,140
1573,6.3,far,0,4,141
1574,3,far,0,4,142
1575,4,far,0,4,143
1576,2.5,far,0,4,144
1577,5.4,far,0,4,145
1578,2,far,0,4,146
1579,2,far,0,4,147
1580,2,far,0,4,148
1581,4.5,far,0,4,149
1582,3,far,0,4,150
1583,5,far,0,4,151
1584,3,far,0,4,152
1585,2.7,far,0,4,153
1586,2.4,far,0,4,154
1587,2,far,0,4,155
1588,3,far,0,4,156
1589,2,far,0,4,158
1590,3,far,0,4,159
1591,5,far,0,4,160
1592,1.75,far,0,4,163
1593,3.25,far,0,4,164
1594,2,far,0,4,165
1595,3,far,0,4,166
1596,3,far,0,4,167
1597,9,far,0,4,168
1598,4,far,0,4,169
1599,3,far,0,4,170
1600,4,far,0,4,171
1601,2.25,far,0,4,172
1602,3,far,0,4,173
1603,5,far,0,4,175
1604,3,far,0,4,176
1605,5,far,0,4,177
1606,5,far,0,4,178
1607,2.5,far,0,4,181
1608,6.5,far,0,4,182
1609,3,far,0,4,183
1611,4,far,0,4,186
1612,1.5,far,0,4,188
1613,1.4,far,0,4,189
1614,5.4,far,0,4,190
1615,1.2,far,0,4,191
1616,5.1,far,0,4,192
1617,1,far,0,4,193
1618,3,far,0,4,194
1619,4,far,0,4,196
1620,1.25,far,0,4,197
1621,3,far,0,4,198
1622,3,far,0,4,199
1623,2.1,far,0,4,200
1624,2,far,0,4,203
1625,1.25,far,0,4,204
1626,1.5,far,0,4,205
1627,3,far,0,4,206
1628,8,far,0,4,207
1629,0.5,far,0,4,208
1630,3,far,0,4,211
1631,3,far,0,4,212
1632,2,far,0,4,214
1633,3,far,0,4,215
1634,2,far,0,4,216
1635,0.6,far,0,4,217
1636,2,far,0,4,218
1637,0.35,far,0,4,219
1638,1.55,far,0,4,220
1639,2,far,0,4,221
1640,4,far,0,4,222
1641,1,far,0,4,223
1642,1,far,0,4,224
1643,1,far,0,4,225
1644,9,far,0,4,226
1645,8,far,0,4,227
1646,2.4,far,0,4,230
1647,6,far,0,4,232
1648,1.5,far,0,4,233
1649,2,far,0,4,195
1650,4.25,far,0,4,234
1651,4.25,far,0,4,235
1652,1.5,far,0,4,236
1653,3,far,0,4,238
1654,4,far,0,4,239
1655,2.7,far,0,4,240
1656,2.7,far,0,4,241
1657,3,far,0,4,243
1658,3.4,far,0,4,245
1659,3,far,0,4,246
1660,2,far,0,4,247
1661,1.8,far,0,4,248
1662,1.6,far,0,4,249
1663,6,far,1,4,251
1664,1,far,0,4,253
1665,4,far,0,4,254
1666,0.8,far,0,4,255
1667,0.5,far,0,4,256
1668,0.45,far,0,4,257
1669,4.5,far,1,4,259
1670,4,far,0,4,260
1671,3.6,far,0,4,261
1673,2.8,far,0,4,263
1674,2.75,far,0,4,264
1675,2.7,far,0,4,265
1676,2.55,far,0,4,266
1677,2.5,far,0,4,267
1679,2.45,far,0,4,269
1680,2,far,0,4,270
1681,2,far,0,4,271
1682,6,far,0,4,272
1683,2,far,0,4,273
1684,1.5,far,0,4,274
1685,1.5,far,0,4,275
1686,1.4,far,0,4,276
1687,1.35,far,0,4,277
1688,1.25,far,0,4,278
1689,2,far,0,4,279
1690,1,far,0,4,280
1691,1,far,0,4,281
1692,0.65,far,0,4,282
1693,0.21,far,0,4,287
1694,0.5,far,0,4,288
1695,3.2,far,0,4,289
1696,3,far,0,4,290
1697,3,far,0,4,291
1698,4,far,0,4,295
1700,4,far,0,4,298
1701,1.5,far,0,4,299
1702,4,far,0,4,300
1703,3,far,0,4,301
1704,2.75,far,0,4,302
1705,3,far,0,4,303
1706,3.4,far,0,4,304
1707,2.25,far,0,4,305
1708,2,far,0,4,308
1709,5,far,0,4,309
1710,2.7,far,0,4,310
1711,2.55,far,0,4,311
1712,2.55,far,0,4,312
1713,1.5,far,0,4,313
1714,1.5,far,0,4,314
1715,2.4,far,0,4,315
1716,2.4,far,0,4,316
1717,2,far,0,4,317
1719,4,far,0,4,320
1720,2,far,0,4,321
1721,1.95,far,0,4,322
1722,1.6,far,0,4,325
1723,1.5,far,0,4,326
1724,3.5,far,0,4,327
1725,1.25,far,0,4,328
1726,1,far,0,4,329
1727,0,far,0,4,330
1728,0,far,0,4,332
1729,0,far,0,4,334
1730,0,far,0,4,337
1731,3,far,0,4,339
1732,0.75,far,0,4,340
1733,2.75,far,0,4,341
1734,0.5,far,0,4,343
1735,4,far,0,4,347
1736,4,far,0,4,349
1737,2.1,far,0,4,350
1738,2,far,0,4,351
1739,2,far,0,4,352
1740,1.5,far,0,4,353
1741,1.7,far,0,4,354
1742,1.5,far,0,4,355
1743,2.75,far,0,4,357
1744,2,far,0,4,359
1745,2,far,0,4,361
1746,2.25,far,0,4,362
1747,1.5,far,0,4,364
1748,1.4,far,0,4,365
1749,1.25,far,0,4,366
1750,1.2,far,0,4,367
1751,1.2,far,0,4,368
1752,1.2,far,0,4,369
1753,1.05,far,0,4,370
1754,3,far,0,4,371
1755,1,far,0,4,372
1756,1,far,0,4,374
1757,1.35,far,0,4,375
1758,0.75,far,0,4,376
1759,1.75,far,0,4,377
1761,2.55,far,0,4,379
1762,2.55,far,0,4,380
1763,0.5,far,0,4,381
1764,0.5,far,0,4,382
1765,4,far,0,4,386
1766,1.5,far,0,4,390
1767,1.5,far,0,4,391
1768,2,far,0,4,392
1769,4,far,0,4,393
1770,3,far,0,4,394
1771,6.8,far,0,4,395
1772,3,far,0,4,396
1773,3,far,0,4,397
1775,4,far,0,4,399
1777,0.5,far,0,4,401
1778,0.5,far,0,4,402
1779,0.2,far,0,4,404
1780,2,far,0,4,407
1781,2,far,0,4,409
1782,1.5,far,0,4,414
1783,3,far,0,4,415
1784,3.4,far,0,4,417
1785,2.5,far,0,4,418
1786,2.5,far,0,4,419
1788,4,far,0,4,421
1789,1.8,far,0,4,422
1790,2.25,far,0,4,423
1791,2,far,0,4,425
1792,1.5,far,0,4,426
1793,4.25,far,0,4,427
1794,3,far,0,4,431
1795,1.5,far,0,4,432
1796,0.9,far,0,4,433
1797,0.9,far,0,4,434
1798,1.25,far,0,4,435
1799,0.7,far,0,4,436
1800,3.2,far,0,4,437
1801,3,far,0,4,439
1803,2.55,far,0,4,445
1804,2.55,far,0,4,446
1805,2.55,far,0,4,447
1806,1.2,far,0,4,451
1807,1.5,far,0,4,453
1808,2.4,far,0,4,454
1809,2.4,far,0,4,455
1810,1.25,far,0,4,456
1811,2.1,far,0,4,457
1812,2,far,0,4,458
1813,2,far,0,4,460
1814,2,far,0,4,461
1815,1.5,far,0,4,462
1816,3,far,0,4,463
1817,3.75,far,0,4,464
1818,1.5,far,0,4,466
1819,1.5,far,0,4,467
1820,1.5,far,0,4,468
1821,1.5,far,0,4,469
1822,0.3,far,0,4,471
1823,1.25,far,0,4,472
1824,1.25,far,0,4,473
1825,1.25,far,0,4,474
1826,2.25,far,0,4,476
1827,1,far,0,4,477
1828,1,far,0,4,478
1829,1,far,0,4,480
1830,1,far,0,4,481
1832,1,far,0,4,483
1833,1,far,0,4,484
1834,0.8,far,0,4,485
1835,0.7,far,0,4,486
1836,0.5,far,0,4,487
1837,0.5,far,0,4,489
1838,0.5,far,0,4,490
1839,0.2,far,0,4,491
1840,0.18,far,0,4,492
1841,1,far,0,4,496
1842,3.4,far,0,4,501
1843,1.2,far,0,4,502
1844,3,far,0,4,503
1845,2,far,0,4,504
1846,0.7,far,0,4,507
1847,2.55,far,0,4,508
1848,2.55,far,0,4,509
1849,0.5,far,0,4,510
1850,3,far,0,4,511
1851,3,far,0,4,512
1852,1,far,0,4,523
1854,1.5,far,0,4,527
1855,2.4,far,0,4,528
1856,0.6,far,0,4,529
1857,2,far,0,4,530
1858,2,far,0,4,531
1859,1.2,far,0,4,533
1860,0.5,far,0,4,535
1861,3,far,0,4,540
1862,4,far,0,4,548
1863,1,far,0,4,549
1864,2.25,far,0,4,550
1866,0,far,0,4,555
1867,1.8,far,0,4,558
1868,1.65,far,0,4,559
1869,1.6,far,0,4,561
1870,0.5,far,0,4,573
1871,2.4,far,0,4,575
1872,2.1,far,0,4,579
1873,1,far,0,4,584
1874,6,far,0,4,586
1875,1,far,0,4,587
1876,6,far,0,4,588
1878,1.95,far,0,4,592
1879,1.75,far,0,4,596
1880,0.5,far,0,4,597
1881,1.5,far,0,4,601
1882,0.8,far,0,4,608
1883,5,far,0,4,612
1884,5,far,0,4,614
1885,4.8,far,0,4,620
1886,4.8,far,0,4,621
1887,0.5,far,0,4,630
1888,4,far,0,4,639
1889,4,far,0,4,640
1890,4,far,0,4,642
1891,4,far,0,4,643
1892,1.35,far,0,4,644
1893,3.5,far,0,4,648
1894,3.5,far,0,4,649
1896,3.4,far,0,4,655
1897,3.2,far,0,4,657
1898,2.75,far,0,4,659
1899,3,far,0,4,660
1900,3,far,0,4,662
1901,3,far,0,4,663
1902,3,far,0,4,665
1903,1,far,0,4,666
1904,3,far,0,4,667
1905,3,far,0,4,669
1906,3,far,0,4,671
1907,2.8,far,0,4,673
1908,2.75,far,0,4,674
1909,2.75,far,0,4,675
1910,2.55,far,0,4,677
1911,2.5,far,0,4,678
1912,2.5,far,0,4,679
1913,2.4,far,0,4,681
1914,2.25,far,0,4,684
1916,2.2,far,0,4,688
1917,2.1,far,0,4,694
1918,2.1,far,0,4,695
1919,2.1,far,0,4,696
1920,2,far,0,4,697
1921,2,far,0,4,698
1922,2,far,0,4,700
1923,2,far,0,4,702
1924,2,far,0,4,703
1925,1,far,0,4,704
1926,2,far,0,4,705
1927,2,far,0,4,706
1928,2,far,0,4,707
1929,1.95,far,0,4,709
1930,1.8,far,0,4,710
1931,1.8,far,0,4,711
1932,1.75,far,0,4,712
1934,0.75,far,0,4,714
1935,1.65,far,0,4,715
1936,1.6,far,0,4,717
1937,0.5,far,0,4,720
1938,1.5,far,0,4,721
1939,1.5,far,0,4,722
1940,1.5,far,0,4,723
1941,1.5,far,0,4,724
1942,1.5,far,0,4,725
1943,1.5,far,0,4,726
1944,1.4,far,0,4,728
1945,1.35,far,0,4,729
1946,1.25,far,0,4,731
1947,1.2,far,0,4,737
1948,1.2,far,0,4,738
1949,1,far,0,4,740
1950,1.05,far,0,4,744
1951,1,far,0,4,745
1952,1,far,0,4,746
1953,1,far,0,4,747
1954,1,far,0,4,748
1955,1,far,0,4,749
1956,1,far,0,4,750
1957,1,far,0,4,752
1958,1,far,0,4,755
1959,1,far,0,4,757
1960,1,far,0,4,758
1961,1,far,0,4,759
1964,0.8,far,0,4,765
1965,0.8,far,0,4,766
1966,0.8,far,0,4,767
1967,0.75,far,0,4,768
1968,0.7,far,0,4,769
1969,0.6,far,0,4,770
1970,0.6,far,0,4,771
1971,0.6,far,0,4,773
1972,0.6,far,0,4,774
1973,0.6,far,0,4,775
1974,0.6,far,0,4,776
1975,0.6,far,0,4,777
1976,0.6,far,0,4,778
1977,0.6,far,0,4,779
1978,0.55,far,0,4,780
1979,0.5,far,0,4,782
1980,0.5,far,0,4,783
1981,0.5,far,0,4,784
1982,0.5,far,0,4,786
1983,0.5,far,0,4,792
1984,0.5,far,0,4,793
1985,0.45,far,0,4,796
1986,0.45,far,0,4,797
1987,0.4,far,0,4,799
1988,0.4,far,0,4,801
1989,0.4,far,0,4,805
1990,0.4,far,0,4,806
1991,0.38,far,0,4,809
1992,0.38,far,0,4,810
1993,0.38,far,0,4,811
1994,0.35,far,0,4,812
1995,0.35,far,0,4,813
1996,0.33,far,0,4,815
1997,0.3,far,0,4,816
1998,0.25,far,0,4,820
1999,1.6,far,0,4,716
2000,0,far,0,4,832
2001,0,far,0,4,834
2002,0.35,far,0,4,814
2003,0.35,far,0,4,814
2004,3,far,0,4,92
2005,3,far,0,4,174
2007,0.8,far,0,4,762
2008,5.4,far,0,5,34
2009,5,far,0,5,51
2010,5.35,far,0,5,52
2011,5.35,far,0,5,55
2013,7,far,0,5,66
2014,5,far,0,5,77
2015,4,far,0,5,87
2016,4,far,0,5,88
2017,7,far,0,5,99
2018,2.7,far,0,5,105
2019,3,far,0,5,106
2020,2,far,0,5,113
2021,4,far,0,5,134
2022,2.5,far,0,5,144
2023,2,far,0,5,147
2024,4.5,far,0,5,149
2025,5,far,0,5,151
2026,2,far,0,5,158
2027,4,far,0,5,169
2028,5,far,0,5,178
2029,1.4,far,0,5,189
2030,2,far,0,5,203
2031,1.55,far,0,5,220
2032,1,far,0,5,225
2033,1.5,far,0,5,233
2034,4.25,far,0,5,234
2035,6,far,1,5,251
2036,1,far,0,5,253
2037,0.5,far,0,5,256
2038,4.5,far,1,5,259
2039,2,far,0,5,270
2040,1.25,far,0,5,278
2041,3,far,0,5,291
2042,1.5,far,0,5,314
2043,1.95,far,0,5,322
2044,2.1,far,0,5,350
2045,2.25,far,0,5,362
2046,1,far,0,5,374
2047,0.5,far,0,5,381
2048,0.5,far,0,5,382
2050,4,far,0,5,399
2051,0.5,far,0,5,402
2052,2.5,far,0,5,419
2053,1.5,far,0,5,432
2054,0.9,far,0,5,434
2055,3,far,0,5,439
2056,2.55,far,0,5,447
2057,1.5,far,0,5,468
2058,1.25,far,0,5,473
2059,1,far,0,5,477
2060,0.7,far,0,5,486
2061,0.5,far,0,5,487
2062,0.5,far,0,5,489
2063,0.6,far,0,5,529
2064,1.2,far,0,5,533
2065,3,far,0,5,562
2066,0.5,far,0,5,573
2067,4,far,0,5,639
2068,3.2,far,0,5,657
2069,3,far,0,5,669
2070,2.75,far,0,5,675
2071,2.5,far,0,5,678
2072,2,far,0,5,697
2073,2,far,0,5,700
2074,2,far,0,5,703
2075,2,far,0,5,706
2076,1.75,far,0,5,712
2077,1.5,far,0,5,721
2078,1.5,far,0,5,725
2079,1.35,far,0,5,729
2080,1.2,far,0,5,738
2081,1,far,0,5,746
2082,1,far,0,5,749
2083,1,far,0,5,758
2085,0.8,far,0,5,765
2086,0.7,far,0,5,769
2087,0.6,far,0,5,772
2088,0.6,far,0,5,773
2089,0.6,far,0,5,774
2090,0.6,far,0,5,776
2091,0.6,far,0,5,777
2092,0.6,far,0,5,778
2093,0.55,far,0,5,780
2094,0.5,far,0,5,782
2095,0.5,far,0,5,783
2096,0.5,far,0,5,784
2097,0.5,far,0,5,786
2098,0.5,far,0,5,789
2099,0.5,far,0,5,791
2100,0.5,far,0,5,792
2101,0.5,far,0,5,793
2102,0.5,far,0,5,795
2103,0.45,far,0,5,796
2104,0.45,far,0,5,797
2105,0.4,far,0,5,799
2106,0.4,far,0,5,800
2107,0.4,far,0,5,801
2108,0.4,far,0,5,803
2109,0.4,far,0,5,805
2110,0.4,far,0,5,806
2111,0.4,far,0,5,808
2112,0.35,far,0,5,812
2113,0.35,far,0,5,813
2114,0.33,far,0,5,815
2116,0.3,far,0,5,818
2117,0.25,far,0,5,822
2118,0.1,far,0,5,829
2119,0.35,far,0,5,814
2120,0.35,far,0,5,814
2122,0.4,far,0,5,807
2123,0.4,far,0,5,807
2124,12,far,1,6,2
2125,1.5,far,0,6,4
2126,8,far,0,6,5
2127,2.5,far,0,6,6
2128,2.5,far,0,6,7
2129,6,far,0,6,8
2130,1.5,far,0,6,9
2131,11,far,0,6,10
2132,4,far,0,6,11
2133,5.5,far,0,6,12
2134,4.5,far,0,6,13
2135,8,far,0,6,14
2136,1.5,far,0,6,15
2137,6,far,1,6,16
2138,3,far,0,6,19
2139,6,far,0,6,20
2140,6.5,far,0,6,21
2141,9,far,0,6,22
2142,4,far,0,6,23
2143,21,far,0,6,24
2144,15,far,0,6,25
2145,7,far,0,6,27
2146,6,far,0,6,28
2147,4.5,far,0,6,29
2148,4.5,far,0,6,30
2149,8,far,0,6,31
2150,5,far,0,6,32
2151,7,far,0,6,33
2152,13,far,0,6,35
2153,5.1,far,0,6,36
2154,7,far,0,6,37
2155,8.5,far,0,6,38
2156,8,far,0,6,39
2157,5,far,0,6,40
2158,7.1,far,0,6,41
2159,5,far,0,6,42
2160,3,far,0,6,43
2161,2,far,0,6,44
2162,0.5,far,0,6,46
2163,6.5,far,0,6,47
2164,6,far,0,6,48
2165,7,far,0,6,50
2166,5.35,far,0,6,52
2167,6,far,0,6,53
2168,5,far,0,6,54
2169,5.35,far,0,6,55
2170,4,far,0,6,56
2172,3.9,far,0,6,58
2173,5,far,0,6,59
2175,3.6,far,0,6,61
2176,10,far,0,6,63
2177,4.5,far,0,6,64
2178,7,far,0,6,65
2179,3,far,0,6,69
2180,5,far,0.75,6,70
2181,4.25,far,0,6,72
2182,4,far,0,6,73
2183,1,far,0,6,75
2184,3,far,0,6,76
2185,5.5,far,0,6,79
2186,7,far,0,6,80
2187,5,far,0,6,81
2188,0.5,far,0,6,83
2189,6,far,0,6,84
2190,4.5,far,0,6,85
2191,4,far,0,6,86
2192,4,far,0,6,87
2193,4,far,0,6,89
2194,3,far,0,6,90
2195,3.5,far,1,6,93
2196,6,far,0,6,94
2197,5,far,0,6,97
2198,4,far,0,6,98
2199,7,far,0,6,101
2200,4.25,far,0,6,102
2201,5,far,0,6,103
2202,5,far,0,6,104
2203,2.7,far,0,6,105
2204,1,far,0,6,108
2205,3,far,0,6,109
2206,2.4,far,0,6,111
2207,2,far,0,6,112
2208,2,far,0,6,113
2209,6,far,0,6,114
2210,4,far,0,6,115
2211,4,far,0,6,116
2212,4,far,0,6,117
2213,3,far,0,6,119
2214,4.5,far,0,6,120
2215,2.5,far,0,6,121
2216,4.25,far,0,6,122
2217,3,far,0,6,123
2218,3,far,0.5,6,124
2219,2.1,far,0,6,126
2220,6,far,0,6,127
2221,4,far,0,6,128
2222,2,far,0,6,130
2223,2,far,0,6,132
2224,1,far,0,6,133
2225,2.7,far,0,6,135
2226,9,far,1.5,6,136
2227,3.25,far,0,6,137
2228,7,far,0,6,138
2229,3,far,0,6,139
2230,2,far,0,6,140
2231,6.3,far,0,6,141
2232,3,far,0,6,142
2233,4,far,0,6,143
2234,5.4,far,0,6,145
2235,2,far,0,6,148
2236,4.5,far,0,6,149
2237,3,far,0,6,150
2238,3,far,0,6,152
2239,2.7,far,0,6,153
2240,2.4,far,0,6,154
2241,2,far,0,6,155
2242,3,far,0,6,156
2243,3,far,0,6,159
2244,5,far,0,6,160
2245,1.75,far,0,6,163
2246,3.25,far,0,6,164
2247,2,far,0,6,165
2248,3,far,0,6,166
2249,3,far,0,6,167
2250,9,far,0,6,168
2251,3,far,0,6,170
2252,2.25,far,0,6,172
2253,5,far,0,6,175
2254,3,far,0,6,176
2255,5,far,0,6,177
2256,2.5,far,0,6,181
2257,6.5,far,0,6,182
2258,3,far,0,6,183
2260,4,far,0,6,186
2261,1.5,far,0,6,188
2262,1.4,far,0,6,189
2263,5.4,far,0,6,190
2264,5.1,far,0,6,192
2265,1,far,0,6,193
2266,3,far,0,6,194
2267,4,far,0,6,196
2268,1.25,far,0,6,197
2269,3,far,0,6,198
2270,3,far,0,6,199
2271,2.1,far,0,6,200
2272,2,far,0,6,203
2273,1.25,far,0,6,204
2274,1.5,far,0,6,205
2275,3,far,0,6,206
2276,8,far,0,6,207
2277,0.5,far,0,6,208
2278,3,far,0,6,211
2279,3,far,0,6,212
2280,2,far,0,6,214
2281,2,far,0,6,216
2282,0.6,far,0,6,217
2283,2,far,0,6,218
2284,0.35,far,0,6,219
2285,1.55,far,0,6,220
2286,2,far,0,6,221
2287,4,far,0,6,222
2288,1,far,0,6,223
2289,1,far,0,6,224
2290,1,far,0,6,225
2291,9,far,0,6,226
2292,8,far,0,6,227
2293,2.4,far,0,6,230
2294,6,far,0,6,231
2295,6,far,0,6,232
2296,2,far,0,6,195
2297,4.25,far,0,6,234
2298,4.25,far,0,6,235
2299,1.5,far,0,6,236
2300,3,far,0,6,238
2301,4,far,0,6,239
2302,2.7,far,0,6,240
2303,2.7,far,0,6,241
2304,3,far,0,6,243
2305,3.4,far,0,6,245
2306,3,far,0,6,246
2307,2,far,0,6,247
2308,1.8,far,0,6,248
2309,1.6,far,0,6,249
2310,6,far,1,6,251
2311,4,far,0,6,254
2312,0.45,far,0,6,257
2313,4.5,far,1,6,259
2314,4,far,0,6,260
2316,2.8,far,0,6,263
2317,2.75,far,0,6,264
2318,2.7,far,0,6,265
2319,2.55,far,0,6,266
2320,2.5,far,0,6,267
2321,2.45,far,0,6,269
2322,2,far,0,6,270
2323,2,far,0,6,271
2324,6,far,0,6,272
2325,2,far,0,6,273
2326,1.5,far,0,6,275
2327,1.4,far,0,6,276
2328,1.35,far,0,6,277
2329,1,far,0,6,280
2330,0.65,far,0,6,282
2331,4,far,0,6,284
2332,0.21,far,0,6,287
2333,0.5,far,0,6,288
2334,3.2,far,0,6,289
2335,3,far,0,6,290
2336,3,far,0,6,291
2337,4,far,0,6,295
2339,4,far,0,6,298
2340,4,far,0,6,300
2341,3,far,0,6,301
2342,2.75,far,0,6,302
2343,3,far,0,6,303
2344,3.4,far,0,6,304
2345,2.25,far,0,6,305
2346,2,far,0,6,308
2347,5,far,0,6,309
2348,2.7,far,0,6,310
2349,2.55,far,0,6,311
2350,2.55,far,0,6,312
2351,2.4,far,0,6,315
2352,2.4,far,0,6,316
2353,2,far,0,6,317
2355,4,far,0,6,320
2356,2,far,0,6,321
2357,2.5,far,0,6,324
2358,1.6,far,0,6,325
2359,1.5,far,0,6,326
2360,3.5,far,0,6,327
2361,1.25,far,0,6,328
2362,1,far,0,6,329
2363,0,far,0,6,330
2364,0,far,0,6,332
2365,0,far,0,6,334
2366,0,far,0,6,337
2367,3,far,0,6,339
2368,0.75,far,0,6,340
2369,2.75,far,0,6,341
2370,0.5,far,0,6,343
2371,4,far,0,6,347
2372,4,far,0,6,349
2373,2,far,0,6,351
2374,2,far,0,6,352
2375,1.5,far,0,6,353
2376,1.5,far,0,6,355
2377,2.75,far,0,6,357
2378,2,far,0,6,359
2379,2.25,far,0,6,362
2380,1.5,far,0,6,364
2381,1.4,far,0,6,365
2382,1.25,far,0,6,366
2383,1.2,far,0,6,367
2384,1.05,far,0,6,370
2385,3,far,0,6,371
2386,1,far,0,6,372
2387,1,far,0,6,374
2388,1.35,far,0,6,375
2389,1.75,far,0,6,377
2391,2.55,far,0,6,379
2392,0.1,far,0,6,383
2393,4,far,0,6,386
2394,1.5,far,0,6,391
2395,2,far,0,6,392
2396,4,far,0,6,393
2397,6.8,far,0,6,395
2398,0.5,far,0,6,401
2399,0.2,far,0,6,404
2400,2,far,0,6,407
2401,2,far,0,6,409
2402,1.5,far,0,6,414
2403,3,far,0,6,415
2404,3.4,far,0,6,417
2405,2.5,far,0,6,418
2407,4,far,0,6,421
2408,2.25,far,0,6,423
2409,2,far,0,6,425
2410,1.5,far,0,6,426
2411,4.25,far,0,6,427
2412,3,far,0,6,431
2413,0.9,far,0,6,433
2414,1.25,far,0,6,435
2415,0.7,far,0,6,436
2417,2.55,far,0,6,445
2418,2.55,far,0,6,446
2419,2.55,far,0,6,447
2420,2.5,far,0,6,452
2421,1.5,far,0,6,453
2422,1.25,far,0,6,456
2423,2.1,far,0,6,457
2424,2,far,0,6,458
2425,2,far,0,6,460
2426,1.5,far,0,6,462
2427,3.75,far,0,6,464
2428,1.5,far,0,6,466
2429,0.3,far,0,6,471
2430,1.25,far,0,6,474
2431,2.25,far,0,6,476
2432,1,far,0,6,478
2433,1,far,0,6,480
2434,1,far,0,6,483
2435,0.5,far,0,6,490
2436,0.2,far,0,6,491
2437,0.18,far,0,6,492
2438,1,far,0,6,496
2439,3.4,far,0,6,501
2440,1.2,far,0,6,502
2441,2,far,0,6,504
2442,2.55,far,0,6,509
2443,0.5,far,0,6,510
2444,0.05,far,0,6,516
2445,1,far,0,6,523
2447,1.5,far,0,6,527
2448,2.4,far,0,6,528
2449,0.6,far,0,6,529
2450,2,far,0,6,530
2451,2,far,0,6,531
2452,0.5,far,0,6,535
2453,3,far,0,6,540
2454,4,far,0,6,548
2455,2.25,far,0,6,550
2457,0,far,0,6,555
2458,1.8,far,0,6,558
2459,1.65,far,0,6,559
2460,1.6,far,0,6,561
2461,2.4,far,0,6,575
2462,0.35,far,0,6,577
2463,1,far,0,6,584
2464,6,far,0,6,586
2465,1.5,far,0,6,601
2466,0.8,far,0,6,608
2467,4.8,far,0,6,621
2468,0.35,far,0,6,623
2469,0.5,far,0,6,630
2470,0.35,far,0,6,636
2471,1.35,far,0,6,644
2472,2.75,far,0,6,659
2473,3,far,0,6,661
2474,3,far,0,6,671
2475,2.75,far,0,6,674
2476,2.1,far,0,6,695
2477,1,far,0,6,704
2478,2,far,0,6,706
2479,0.75,far,0,6,714
2480,0.5,far,0,6,720
2481,1.5,far,0,6,723
2482,1,far,0,6,755
2483,1,far,0,6,757
2484,1,far,0,6,759
2485,0.75,far,0,6,768
2486,0.6,far,0,6,771
2487,0.5,far,0,6,786
2488,0.35,far,0,6,812
2489,3,far,0,6,92
2490,3,far,0,6,174
2491,1.5,far,0,6,1824
2492,2,far,0,6,1802
2493,0.2,units_per_acre,0,1,1974
2494,1,units_per_acre,0,1,1968
2495,2,units_per_acre,1,1,1946
2496,5,units_per_acre,3,1,1911
2497,8,units_per_acre,3,1,1904
2498,10,units_per_acre,5,1,1887
2499,10,units_per_acre,5,2,1887
2500,14,units_per_acre,8,2,1869
2501,14,units_per_acre,10,2,1859
2502,14,units_per_acre,8,2,1824
2503,14,units_per_acre,8,2,1802
2504,14,units_per_acre,8,6,1824
2505,14,units_per_acre,8,6,1802
2506,7,units_per_acre,4,1,1674
2507,5,units_per_acre,4,1,1481
2508,10,units_per_acre,5,1,1374
2509,10,units_per_acre,5,2,1374
2510,0.45,far,0,4,1374
2511,0.4,far,0.1,5,1346
2512,14,units_per_acre,10,2,1340
2513,5,units_per_acre,4,1,1332
2514,0.45,far,0,4,1332
2515,0.4,units_per_acre,0,1,1328
2516,1,units_per_acre,0.1,1,1279
2517,6,units_per_acre,4.3,1,1271
2518,3.5,units_per_acre,2.9,1,1263
2519,0.4,far,0,5,1258
2520,0.3,far,0.1,4,1247
2521,0.45,far,0,4,1225
2522,14,units_per_acre,10,2,1203
2523,0.45,far,0,4,1203
2524,0.45,far,0.1,4,1198
2525,14,units_per_acre,10,2,1180
2526,0.4,far,0,5,1180
2527,0.1,units_per_acre,0.05,1,1179
2528,14,units_per_acre,10,2,1143
2529,0.45,far,0,4,1143
2530,0,units_per_acre,0,1,1000
2531,0,units_per_acre,0,2,1000
2532,0,far,0,4,1000
